path,file_name,class_label,extension,readable,width,height,file_hash,is_clean,split,true_label_encoded,stroke_probability,predicted_label_encoded,true_label,predicted_label,is_correct,confidence
C:\Users\Asus\Downloads\Uni_work\Grad-Project\rural-stroke-assist\data\raw\face_stroke_images\Annotated stroke and non stroke Dataset\Stroke\img_1335.jpg,img_1335.jpg,Stroke,.jpg,True,206,245,5778833583ef78949b5d05e6b8e85e7f17f33e71fe0e2d72a09b04cb169d4a90,True,test,1,0.22273259,0,Stroke,NonStroke,False,0.27726741
C:\Users\Asus\Downloads\Uni_work\Grad-Project\rural-stroke-assist\data\raw\face_stroke_images\Annotated stroke and non stroke Dataset\Stroke\img_2420.jpg,img_2420.jpg,Stroke,.jpg,True,215,300,37ba1ba2e91ab25f7c8d3e29d907509353675cddb96ce90ac416ca29824598be,True,test,1,0.22397742,0,Stroke,NonStroke,False,0.27602258
C:\Users\Asus\Downloads\Uni_work\Grad-Project\rural-stroke-assist\data\raw\face_stroke_images\Annotated stroke and non stroke Dataset\NonStroke\img_0353.jpg,img_0353.jpg,NonStroke,.jpg,True,225,225,1406931ec88ab497139441eb5d4d10f64406bfd571509420ff15506733f266a4,True,test,0,0.7245414,1,NonStroke,Stroke,False,0.2245414
C:\Users\Asus\Downloads\Uni_work\Grad-Project\rural-stroke-assist\data\raw\face_stroke_images\Annotated stroke and non stroke Dataset\NonStroke\img_0061.jpg,img_0061.jpg,NonStroke,.jpg,True,123,129,b3406760ebe5924fd6e5d9b744bf8676ff2df41ddf31624191c27a2c0cfa51de,True,test,0,0.69700384,1,NonStroke,Stroke,False,0.19700384000000004
C:\Users\Asus\Downloads\Uni_work\Grad-Project\rural-stroke-assist\data\raw\face_stroke_images\Annotated stroke and non stroke Dataset\Stroke\img_0126.jpg,img_0126.jpg,Stroke,.jpg,True,213,300,c2c392173a190d9221e81fd4983eb82b78b2dfc9279ef07e8cf00a8fe5e36fcc,True,test,1,0.31829432,0,Stroke,NonStroke,False,0.18170567999999998
C:\Users\Asus\Downloads\Uni_work\Grad-Project\rural-stroke-assist\data\raw\face_stroke_images\Annotated stroke and non stroke Dataset\Stroke\img_0963.jpg,img_0963.jpg,Stroke,.jpg,True,88,86,6b610862c53d28e9369b13402626da1c393d3d9c9cc1c385727a7d681bd3d94d,True,test,1,0.3359427,0,Stroke,NonStroke,False,0.16405730000000002
C:\Users\Asus\Downloads\Uni_work\Grad-Project\rural-stroke-assist\data\raw\face_stroke_images\Annotated stroke and non stroke Dataset\NonStroke\img_0561.jpg,img_0561.jpg,NonStroke,.jpg,True,441,600,2c2a8b8d384f46030dbc13f54e1746acbf0bc9e1130f14e9a7a6a1ec616f8cde,True,test,0,0.63578343,1,NonStroke,Stroke,False,0.13578343000000004
C:\Users\Asus\Downloads\Uni_work\Grad-Project\rural-stroke-assist\data\raw\face_stroke_images\Annotated stroke and non stroke Dataset\Stroke\img_1407.jpg,img_1407.jpg,Stroke,.jpg,True,206,245,8d338976671a7d12f02338f40ce717113c95fd76203245fd1218ba45a343c52f,True,test,1,0.36554655,0,Stroke,NonStroke,False,0.13445344999999997
C:\Users\Asus\Downloads\Uni_work\Grad-Project\rural-stroke-assist\data\raw\face_stroke_images\Annotated stroke and non stroke Dataset\Stroke\img_2256.jpg,img_2256.jpg,Stroke,.jpg,True,194,259,d11ee4bc710523604cddfb357f320261898c7ca24e92338731e918cc888fefe4,True,test,1,0.38676336,0,Stroke,NonStroke,False,0.11323664
C:\Users\Asus\Downloads\Uni_work\Grad-Project\rural-stroke-assist\data\raw\face_stroke_images\Annotated stroke and non stroke Dataset\NonStroke\img_1866.jpg,img_1866.jpg,NonStroke,.jpg,True,225,225,331c49340a9750ef0b24f82bd3d951c52ca2f3802d4d378c78a40c827dda73f4,True,test,0,0.60820866,1,NonStroke,Stroke,False,0.10820865999999996
C:\Users\Asus\Downloads\Uni_work\Grad-Project\rural-stroke-assist\data\raw\face_stroke_images\Annotated stroke and non stroke Dataset\Stroke\img_0670.jpg,img_0670.jpg,Stroke,.jpg,True,300,277,7ae7e48012b48f64e12c604858838c6fec8885d61567ad457b8bc3c1102ff5be,True,test,1,0.39882955,0,Stroke,NonStroke,False,0.10117045000000002
C:\Users\Asus\Downloads\Uni_work\Grad-Project\rural-stroke-assist\data\raw\face_stroke_images\Annotated stroke and non stroke Dataset\NonStroke\img_1606.jpg,img_1606.jpg,NonStroke,.jpg,True,196,243,1ea627669d9e107f697dcb1d68b068353c503ae037d7b85e948aa7bda1eafa78,True,test,0,0.59783745,1,NonStroke,Stroke,False,0.09783744999999999
C:\Users\Asus\Downloads\Uni_work\Grad-Project\rural-stroke-assist\data\raw\face_stroke_images\Annotated stroke and non stroke Dataset\Stroke\img_2390.jpg,img_2390.jpg,Stroke,.jpg,True,483,547,ea58fa4a1c4f47fdd2c2003b16487a3fc8312a8533ec9e45ede36ecee35f88b4,True,test,1,0.4152486,0,Stroke,NonStroke,False,0.08475139999999998
C:\Users\Asus\Downloads\Uni_work\Grad-Project\rural-stroke-assist\data\raw\face_stroke_images\Annotated stroke and non stroke Dataset\Stroke\img_0509.jpg,img_0509.jpg,Stroke,.jpg,True,300,277,124aa63fc232eba9e97cc903757b45f24bfb21e4b06d166b7f1809d4410093e5,True,test,1,0.4194226,0,Stroke,NonStroke,False,0.08057740000000002
C:\Users\Asus\Downloads\Uni_work\Grad-Project\rural-stroke-assist\data\raw\face_stroke_images\Annotated stroke and non stroke Dataset\NonStroke\img_3564.jpg,img_3564.jpg,NonStroke,.jpg,True,441,600,540f764ff39c67eed5e9118ec99e5e9844565b69814306d19e559779a2d60758,True,test,0,0.5776166,1,NonStroke,Stroke,False,0.07761660000000004
C:\Users\Asus\Downloads\Uni_work\Grad-Project\rural-stroke-assist\data\raw\face_stroke_images\Annotated stroke and non stroke Dataset\NonStroke\img_0082.jpg,img_0082.jpg,NonStroke,.jpg,True,265,190,2f41408e2c6752c594b075ad278a8af34b41870549f1818144dd36003e5bbf59,True,test,0,0.5662583,1,NonStroke,Stroke,False,0.06625829999999999
C:\Users\Asus\Downloads\Uni_work\Grad-Project\rural-stroke-assist\data\raw\face_stroke_images\Annotated stroke and non stroke Dataset\NonStroke\img_0675.jpg,img_0675.jpg,NonStroke,.jpg,True,441,600,74460ba800faa4e784622ddfcc0853334a8f88a4537ea93964cb615e05f0045c,True,test,0,0.5657325,1,NonStroke,Stroke,False,0.06573249999999997
C:\Users\Asus\Downloads\Uni_work\Grad-Project\rural-stroke-assist\data\raw\face_stroke_images\Annotated stroke and non stroke Dataset\NonStroke\img_0030.jpg,img_0030.jpg,NonStroke,.jpg,True,342,382,bac0af9d5eef5722d3b989d1e29677f6d4b479bda297482456dcb8ff26e8b748,True,test,0,0.55699515,1,NonStroke,Stroke,False,0.056995149999999994
C:\Users\Asus\Downloads\Uni_work\Grad-Project\rural-stroke-assist\data\raw\face_stroke_images\Annotated stroke and non stroke Dataset\Stroke\img_1703.jpg,img_1703.jpg,Stroke,.jpg,True,206,245,22c08554bdb67a0a3cd929e1a1919174e1f253a5ab7871f17a57853909e8df45,True,test,1,0.44823256,0,Stroke,NonStroke,False,0.05176744
C:\Users\Asus\Downloads\Uni_work\Grad-Project\rural-stroke-assist\data\raw\face_stroke_images\Annotated stroke and non stroke Dataset\NonStroke\img_2278.jpg,img_2278.jpg,NonStroke,.jpg,True,296,325,8ca9361f05afc8142da91d4f4ad077210f785772a8cf4c22cb3226f58d279348,True,test,0,0.5306912,1,NonStroke,Stroke,False,0.03069120000000003
C:\Users\Asus\Downloads\Uni_work\Grad-Project\rural-stroke-assist\data\raw\face_stroke_images\Annotated stroke and non stroke Dataset\NonStroke\img_0680.jpg,img_0680.jpg,NonStroke,.jpg,True,441,600,5da715efe5904518bb12a21f2db57e9ce4314a2912b0c2a5c24fb80155490f48,True,test,0,0.5292335,1,NonStroke,Stroke,False,0.029233500000000023
C:\Users\Asus\Downloads\Uni_work\Grad-Project\rural-stroke-assist\data\raw\face_stroke_images\Annotated stroke and non stroke Dataset\Stroke\img_2825.jpg,img_2825.jpg,Stroke,.jpg,True,194,259,4b11219d0472811dbafddb64904853de94fbe40b3d1c8a29afee4f6bd68a3214,True,test,1,0.4986191,0,Stroke,NonStroke,False,0.0013809000000000182
C:\Users\Asus\Downloads\Uni_work\Grad-Project\rural-stroke-assist\data\raw\face_stroke_images\Annotated stroke and non stroke Dataset\NonStroke\img_1429.jpg,img_1429.jpg,NonStroke,.jpg,True,256,197,d5b0f4921f465e253eb13c59dabb792c2cee89449bfd93d005135ab943b44496,True,test,0,0.5010648,1,NonStroke,Stroke,False,0.0010647999999999769
