path,file_name,class_label,extension,readable,width,height,file_hash,is_clean,split,true_label_encoded,stroke_probability,predicted_label_encoded,true_label,predicted_label,is_correct,distance_from_threshold
C:\Users\Asus\Downloads\Uni_work\Grad-Project\rural-stroke-assist\data\raw\face_stroke_images\Annotated stroke and non stroke Dataset\NonStroke\img_3090.jpg,img_3090.jpg,NonStroke,.jpg,True,342,382,bd7f9f30ed5f032c716da74993408d5b245a21b264397c11bf34fa4aa3110af6,True,test,0,0.4964842,0,NonStroke,NonStroke,True,0.0035158000000000134
C:\Users\Asus\Downloads\Uni_work\Grad-Project\rural-stroke-assist\data\raw\face_stroke_images\Annotated stroke and non stroke Dataset\Stroke\img_2255.jpg,img_2255.jpg,Stroke,.jpg,True,300,277,04292a1d2d612dbd380bb7cac6cbdb97954313bf449571a52512dee75d398b19,True,test,1,0.5056161,1,Stroke,Stroke,True,0.005616100000000013
C:\Users\Asus\Downloads\Uni_work\Grad-Project\rural-stroke-assist\data\raw\face_stroke_images\Annotated stroke and non stroke Dataset\NonStroke\img_1411.jpg,img_1411.jpg,NonStroke,.jpg,True,305,165,b59be3be54282b5bac85facedef3997c2801d9b286bd82adad6a63d00dc6e064,True,test,0,0.48732296,0,NonStroke,NonStroke,True,0.012677039999999973
C:\Users\Asus\Downloads\Uni_work\Grad-Project\rural-stroke-assist\data\raw\face_stroke_images\Annotated stroke and non stroke Dataset\NonStroke\img_0455.jpg,img_0455.jpg,NonStroke,.jpg,True,275,183,8ca5def08fddedee635626736e5c8554c83d955453af17841492803077b79555,True,test,0,0.48565233,0,NonStroke,NonStroke,True,0.014347669999999979
C:\Users\Asus\Downloads\Uni_work\Grad-Project\rural-stroke-assist\data\raw\face_stroke_images\Annotated stroke and non stroke Dataset\NonStroke\img_1907.jpg,img_1907.jpg,NonStroke,.jpg,True,123,129,eb575322a4b8619a314e0cbe77a8c962b323ee543643d9c7b4752f0fa8e0ee70,True,test,0,0.46961978,0,NonStroke,NonStroke,True,0.030380220000000013
C:\Users\Asus\Downloads\Uni_work\Grad-Project\rural-stroke-assist\data\raw\face_stroke_images\Annotated stroke and non stroke Dataset\Stroke\img_1213.jpg,img_1213.jpg,Stroke,.jpg,True,213,300,708f3922129d4d0799438aa150f1dcf7aefa6897201d1ad5dc677b3231dbf47a,True,test,1,0.53574634,1,Stroke,Stroke,True,0.03574633999999999
C:\Users\Asus\Downloads\Uni_work\Grad-Project\rural-stroke-assist\data\raw\face_stroke_images\Annotated stroke and non stroke Dataset\Stroke\img_0565.jpg,img_0565.jpg,Stroke,.jpg,True,215,300,d127138390c26140363c8e865119c854987f3ffb9b15cbd87590f407be76090c,True,test,1,0.540697,1,Stroke,Stroke,True,0.04069699999999998
C:\Users\Asus\Downloads\Uni_work\Grad-Project\rural-stroke-assist\data\raw\face_stroke_images\Annotated stroke and non stroke Dataset\NonStroke\img_3223.jpg,img_3223.jpg,NonStroke,.jpg,True,225,225,412e00f34a0e74b0dbfd1f485d0e443f1bedba33d48da2ea8208e5968b48fb52,True,test,0,0.4534082,0,NonStroke,NonStroke,True,0.04659180000000002
C:\Users\Asus\Downloads\Uni_work\Grad-Project\rural-stroke-assist\data\raw\face_stroke_images\Annotated stroke and non stroke Dataset\Stroke\img_1038.jpg,img_1038.jpg,Stroke,.jpg,True,193,262,9a731a557ff2506528eecdeb6740899dee66123477bce2486fb9e74563a0950e,True,test,1,0.5496414,1,Stroke,Stroke,True,0.04964139999999995
C:\Users\Asus\Downloads\Uni_work\Grad-Project\rural-stroke-assist\data\raw\face_stroke_images\Annotated stroke and non stroke Dataset\NonStroke\img_2403.jpg,img_2403.jpg,NonStroke,.jpg,True,259,194,c55c349e6a00c7c005e4c480d24759f30e600f8c59c9f7e3470bcd99147fc262,True,test,0,0.43593025,0,NonStroke,NonStroke,True,0.06406974999999998
C:\Users\Asus\Downloads\Uni_work\Grad-Project\rural-stroke-assist\data\raw\face_stroke_images\Annotated stroke and non stroke Dataset\Stroke\img_2073.jpg,img_2073.jpg,Stroke,.jpg,True,300,277,59336a0b7b32eee7896c5436b5188260b5199b808ac4030822f3284caa4d3ff3,True,test,1,0.5717149,1,Stroke,Stroke,True,0.07171490000000003
C:\Users\Asus\Downloads\Uni_work\Grad-Project\rural-stroke-assist\data\raw\face_stroke_images\Annotated stroke and non stroke Dataset\Stroke\img_1224.jpg,img_1224.jpg,Stroke,.jpg,True,193,262,64ff24ef9dc6a6fa37182f2c2eebe20745c05ce90723a514f6d1c0b05d343df4,True,test,1,0.5822958,1,Stroke,Stroke,True,0.08229580000000003
C:\Users\Asus\Downloads\Uni_work\Grad-Project\rural-stroke-assist\data\raw\face_stroke_images\Annotated stroke and non stroke Dataset\NonStroke\img_1844.jpg,img_1844.jpg,NonStroke,.jpg,True,225,225,ba43f68c158c0f3125041705842cbca6255ca9422e6b2d0a5d09a9ef9218ad82,True,test,0,0.412909,0,NonStroke,NonStroke,True,0.08709099999999997
C:\Users\Asus\Downloads\Uni_work\Grad-Project\rural-stroke-assist\data\raw\face_stroke_images\Annotated stroke and non stroke Dataset\NonStroke\img_1723.jpg,img_1723.jpg,NonStroke,.jpg,True,379,536,103c72edfff586334b38f3f1e71fff95bd5b7114f8401a7d5dc130a43027cc41,True,test,0,0.40883252,0,NonStroke,NonStroke,True,0.09116748000000002
C:\Users\Asus\Downloads\Uni_work\Grad-Project\rural-stroke-assist\data\raw\face_stroke_images\Annotated stroke and non stroke Dataset\NonStroke\img_0249.jpg,img_0249.jpg,NonStroke,.jpg,True,259,194,cc0468071d95027f2e769a9ee53ff5d9e7ad1b151793b362c02905d44f482c77,True,test,0,0.40826038,0,NonStroke,NonStroke,True,0.09173962000000002
C:\Users\Asus\Downloads\Uni_work\Grad-Project\rural-stroke-assist\data\raw\face_stroke_images\Annotated stroke and non stroke Dataset\Stroke\img_0864.jpg,img_0864.jpg,Stroke,.jpg,True,137,151,5bcb984d247a20a9d1ef44a4816d0b301fbf64ad586e207f99cea5af3a6e38c8,True,test,1,0.59797263,1,Stroke,Stroke,True,0.09797263
C:\Users\Asus\Downloads\Uni_work\Grad-Project\rural-stroke-assist\data\raw\face_stroke_images\Annotated stroke and non stroke Dataset\NonStroke\img_1141.jpg,img_1141.jpg,NonStroke,.jpg,True,236,331,1c9e6b864764392f632596daf62a16afa761cec437be0154f4a0c7d27ef188a1,True,test,0,0.39827484,0,NonStroke,NonStroke,True,0.10172515999999998
C:\Users\Asus\Downloads\Uni_work\Grad-Project\rural-stroke-assist\data\raw\face_stroke_images\Annotated stroke and non stroke Dataset\Stroke\img_0401.jpg,img_0401.jpg,Stroke,.jpg,True,213,300,9e20555ce7ccc138a1071b51934d8e6d21cf56a4d56efaa91a065c09419e9d24,True,test,1,0.6053088,1,Stroke,Stroke,True,0.10530879999999998
C:\Users\Asus\Downloads\Uni_work\Grad-Project\rural-stroke-assist\data\raw\face_stroke_images\Annotated stroke and non stroke Dataset\Stroke\img_1513.jpg,img_1513.jpg,Stroke,.jpg,True,88,86,363d0b410300089d854686ebd99c621e81b73b8f730e8fa62bec4c47584a9c6d,True,test,1,0.6109804,1,Stroke,Stroke,True,0.11098039999999998
C:\Users\Asus\Downloads\Uni_work\Grad-Project\rural-stroke-assist\data\raw\face_stroke_images\Annotated stroke and non stroke Dataset\NonStroke\img_2496.jpg,img_2496.jpg,NonStroke,.jpg,True,236,331,449cb7728c3ec7f252b00ac69eaa72c42f57ccb6b185c4b2ea286c53d5d22bf8,True,test,0,0.37942484,0,NonStroke,NonStroke,True,0.12057516000000001
C:\Users\Asus\Downloads\Uni_work\Grad-Project\rural-stroke-assist\data\raw\face_stroke_images\Annotated stroke and non stroke Dataset\NonStroke\img_1946.jpg,img_1946.jpg,NonStroke,.jpg,True,293,336,7121aaf28d12e7881ae7542b027e5874f79d80c294979e232ef938e564a939ba,True,test,0,0.37927914,0,NonStroke,NonStroke,True,0.12072085999999999
C:\Users\Asus\Downloads\Uni_work\Grad-Project\rural-stroke-assist\data\raw\face_stroke_images\Annotated stroke and non stroke Dataset\Stroke\img_2906.jpg,img_2906.jpg,Stroke,.jpg,True,213,300,6ea05ab37e0e1d9659a5407d6239b558edbe75ee48278228073f0d49f342614a,True,test,1,0.6245216,1,Stroke,Stroke,True,0.12452160000000001
C:\Users\Asus\Downloads\Uni_work\Grad-Project\rural-stroke-assist\data\raw\face_stroke_images\Annotated stroke and non stroke Dataset\NonStroke\img_1203.jpg,img_1203.jpg,NonStroke,.jpg,True,375,384,d577dabd6704ab5878cdd5d1d30b520fb99bbd8ad52544775b28658add06f4bf,True,test,0,0.37467393,0,NonStroke,NonStroke,True,0.12532607
C:\Users\Asus\Downloads\Uni_work\Grad-Project\rural-stroke-assist\data\raw\face_stroke_images\Annotated stroke and non stroke Dataset\Stroke\img_1769.jpg,img_1769.jpg,Stroke,.jpg,True,206,245,b266306230cf01ee010eb0db94a304dac9659866aacb5ff406019f721aed0ee1,True,test,1,0.628965,1,Stroke,Stroke,True,0.128965
C:\Users\Asus\Downloads\Uni_work\Grad-Project\rural-stroke-assist\data\raw\face_stroke_images\Annotated stroke and non stroke Dataset\NonStroke\img_1117.jpg,img_1117.jpg,NonStroke,.jpg,True,265,190,c06bcaa9d708b85ce35d4d99731c357ffa0a73014dcbd2a0b2cc892b4ee1847f,True,test,0,0.3655891,0,NonStroke,NonStroke,True,0.1344109
C:\Users\Asus\Downloads\Uni_work\Grad-Project\rural-stroke-assist\data\raw\face_stroke_images\Annotated stroke and non stroke Dataset\Stroke\img_1528.jpg,img_1528.jpg,Stroke,.jpg,True,300,278,d387a486363eda788b4556da33aa4e7a954024329d6a94a5a4730e6f256815df,True,test,1,0.64184606,1,Stroke,Stroke,True,0.14184606
C:\Users\Asus\Downloads\Uni_work\Grad-Project\rural-stroke-assist\data\raw\face_stroke_images\Annotated stroke and non stroke Dataset\Stroke\img_0795.jpg,img_0795.jpg,Stroke,.jpg,True,137,189,605fa76dc8ffd267af56905740f7d88b6dfef5cc2d13ebd792b103c4bd88f7d8,True,test,1,0.6518364,1,Stroke,Stroke,True,0.15183639999999998
C:\Users\Asus\Downloads\Uni_work\Grad-Project\rural-stroke-assist\data\raw\face_stroke_images\Annotated stroke and non stroke Dataset\NonStroke\img_0832.jpg,img_0832.jpg,NonStroke,.jpg,True,123,129,10ae38988da3fde1f6abac3ee4db9c2d8f3fb79bb59b1364cbf50953231a6f6b,True,test,0,0.34687802,0,NonStroke,NonStroke,True,0.15312198
C:\Users\Asus\Downloads\Uni_work\Grad-Project\rural-stroke-assist\data\raw\face_stroke_images\Annotated stroke and non stroke Dataset\NonStroke\img_0394.jpg,img_0394.jpg,NonStroke,.jpg,True,395,389,70977376463c9ae7168f2bfc378f8fa65c57720ac5c5aa165765452af48dac7b,True,test,0,0.34596947,0,NonStroke,NonStroke,True,0.15403053
C:\Users\Asus\Downloads\Uni_work\Grad-Project\rural-stroke-assist\data\raw\face_stroke_images\Annotated stroke and non stroke Dataset\NonStroke\img_1086.jpg,img_1086.jpg,NonStroke,.jpg,True,276,183,1b45d1adaf435903bc1efad6099c577faf69652ec2a04c0367668c1ddf67d193,True,test,0,0.3457064,0,NonStroke,NonStroke,True,0.15429359999999998
C:\Users\Asus\Downloads\Uni_work\Grad-Project\rural-stroke-assist\data\raw\face_stroke_images\Annotated stroke and non stroke Dataset\NonStroke\img_2023.jpg,img_2023.jpg,NonStroke,.jpg,True,199,253,30e9f9dc2d0fba907af77ec4f281bb29a5fa20b4094df69b0f6524994d4ec213,True,test,0,0.34507996,0,NonStroke,NonStroke,True,0.15492003999999998
C:\Users\Asus\Downloads\Uni_work\Grad-Project\rural-stroke-assist\data\raw\face_stroke_images\Annotated stroke and non stroke Dataset\NonStroke\img_1623.jpg,img_1623.jpg,NonStroke,.jpg,True,296,325,4683201021e4b880c5a0399d3b9a41c0a1a9fc262b1e1cce3aa34e290c92d5f5,True,test,0,0.34374595,0,NonStroke,NonStroke,True,0.15625404999999998
C:\Users\Asus\Downloads\Uni_work\Grad-Project\rural-stroke-assist\data\raw\face_stroke_images\Annotated stroke and non stroke Dataset\NonStroke\img_2436.jpg,img_2436.jpg,NonStroke,.jpg,True,296,325,cca67b8a0d2869c931df8bf4150911ba84761f271b4e26236a730b4e3e6fa73f,True,test,0,0.34046632,0,NonStroke,NonStroke,True,0.15953368
C:\Users\Asus\Downloads\Uni_work\Grad-Project\rural-stroke-assist\data\raw\face_stroke_images\Annotated stroke and non stroke Dataset\NonStroke\img_0669.jpg,img_0669.jpg,NonStroke,.jpg,True,395,389,f69d95c0955d3bf8b4b524a2c281707088cc176797b21151ffa09f07009ea6ce,True,test,0,0.33963495,0,NonStroke,NonStroke,True,0.16036505
C:\Users\Asus\Downloads\Uni_work\Grad-Project\rural-stroke-assist\data\raw\face_stroke_images\Annotated stroke and non stroke Dataset\NonStroke\img_0811.jpg,img_0811.jpg,NonStroke,.jpg,True,395,389,90014d87c251bd19392e087e1696f5c4da09d090063ff079f786f74ff512b83c,True,test,0,0.3394008,0,NonStroke,NonStroke,True,0.1605992
C:\Users\Asus\Downloads\Uni_work\Grad-Project\rural-stroke-assist\data\raw\face_stroke_images\Annotated stroke and non stroke Dataset\NonStroke\img_2103.jpg,img_2103.jpg,NonStroke,.jpg,True,342,382,31b878d3e844da6f5444c34709945a14d1ad141adbf66277449ae4dee336f496,True,test,0,0.33860755,0,NonStroke,NonStroke,True,0.16139245000000002
C:\Users\Asus\Downloads\Uni_work\Grad-Project\rural-stroke-assist\data\raw\face_stroke_images\Annotated stroke and non stroke Dataset\NonStroke\img_0785.jpg,img_0785.jpg,NonStroke,.jpg,True,201,251,64d8bdcd6d3eb37fb547d5238a9aee006a76cf346bbd04a5802d6feb0945dee8,True,test,0,0.33815235,0,NonStroke,NonStroke,True,0.16184765
C:\Users\Asus\Downloads\Uni_work\Grad-Project\rural-stroke-assist\data\raw\face_stroke_images\Annotated stroke and non stroke Dataset\NonStroke\img_1490.jpg,img_1490.jpg,NonStroke,.jpg,True,379,536,85904dce1280c5d5ddb54ec999923a56d26090637ae638a179e3f37028092d2f,True,test,0,0.33627105,0,NonStroke,NonStroke,True,0.16372894999999998
C:\Users\Asus\Downloads\Uni_work\Grad-Project\rural-stroke-assist\data\raw\face_stroke_images\Annotated stroke and non stroke Dataset\NonStroke\img_1958.jpg,img_1958.jpg,NonStroke,.jpg,True,275,183,84822bcac757dd484d1ce443272366d04fca6920ce293f370ca1e858b3cf3ab3,True,test,0,0.33338022,0,NonStroke,NonStroke,True,0.16661978
C:\Users\Asus\Downloads\Uni_work\Grad-Project\rural-stroke-assist\data\raw\face_stroke_images\Annotated stroke and non stroke Dataset\NonStroke\img_0172.jpg,img_0172.jpg,NonStroke,.jpg,True,375,384,26424f97674891a32cb27f421b33e5c01ac9658d05d90675f550552dcb3ecfdc,True,test,0,0.33271056,0,NonStroke,NonStroke,True,0.16728944
C:\Users\Asus\Downloads\Uni_work\Grad-Project\rural-stroke-assist\data\raw\face_stroke_images\Annotated stroke and non stroke Dataset\Stroke\img_0993.jpg,img_0993.jpg,Stroke,.jpg,True,190,265,59a89a650765cb96a2f38c12d7dd0a0542abc98858de31ee468b1de39fb84149,True,test,1,0.66985416,1,Stroke,Stroke,True,0.16985415999999998
C:\Users\Asus\Downloads\Uni_work\Grad-Project\rural-stroke-assist\data\raw\face_stroke_images\Annotated stroke and non stroke Dataset\Stroke\img_2976.jpg,img_2976.jpg,Stroke,.jpg,True,220,300,cd7851a499fe3543727e43611e1ca2ce6d305084a1590ff2d4731240980f0009,True,test,1,0.67310303,1,Stroke,Stroke,True,0.17310303000000005
C:\Users\Asus\Downloads\Uni_work\Grad-Project\rural-stroke-assist\data\raw\face_stroke_images\Annotated stroke and non stroke Dataset\NonStroke\img_2935.jpg,img_2935.jpg,NonStroke,.jpg,True,411,493,b30666e9fc29f36a42eeb56577b3939a776c0a88926a29a4acde7059b9d98ac2,True,test,0,0.32311663,0,NonStroke,NonStroke,True,0.17688336999999998
C:\Users\Asus\Downloads\Uni_work\Grad-Project\rural-stroke-assist\data\raw\face_stroke_images\Annotated stroke and non stroke Dataset\Stroke\img_0147.jpg,img_0147.jpg,Stroke,.jpg,True,300,277,6fed6ec7c428bb5564ce5b5f6dd51be43a2d7c1b440e17b28f8b21147b3e0508,True,test,1,0.67838454,1,Stroke,Stroke,True,0.17838454000000004
C:\Users\Asus\Downloads\Uni_work\Grad-Project\rural-stroke-assist\data\raw\face_stroke_images\Annotated stroke and non stroke Dataset\NonStroke\img_0749.jpg,img_0749.jpg,NonStroke,.jpg,True,256,197,8c3c78d1f29d785e1752c95cb270ae256840872a155fe27daf1f7e095341e23e,True,test,0,0.31978202,0,NonStroke,NonStroke,True,0.18021798
C:\Users\Asus\Downloads\Uni_work\Grad-Project\rural-stroke-assist\data\raw\face_stroke_images\Annotated stroke and non stroke Dataset\Stroke\img_2087.jpg,img_2087.jpg,Stroke,.jpg,True,215,300,ce579ed2c292ab4666af65eae8c0125ef94ff1ff028ed8d5db8222408101a14c,True,test,1,0.6873107,1,Stroke,Stroke,True,0.18731070000000005
C:\Users\Asus\Downloads\Uni_work\Grad-Project\rural-stroke-assist\data\raw\face_stroke_images\Annotated stroke and non stroke Dataset\NonStroke\img_2332.jpg,img_2332.jpg,NonStroke,.jpg,True,163,222,2c0af310844c45dd39a806ae800361e8fc260ba988e3624e26b6ff1b1e55c106,True,test,0,0.31049678,0,NonStroke,NonStroke,True,0.18950321999999997
C:\Users\Asus\Downloads\Uni_work\Grad-Project\rural-stroke-assist\data\raw\face_stroke_images\Annotated stroke and non stroke Dataset\Stroke\img_1822.jpg,img_1822.jpg,Stroke,.jpg,True,193,262,d98c92239aa292454cd9b7b6682a24f7124f0d0ed36a4265ebb430719cc01bca,True,test,1,0.68976855,1,Stroke,Stroke,True,0.18976855000000004
C:\Users\Asus\Downloads\Uni_work\Grad-Project\rural-stroke-assist\data\raw\face_stroke_images\Annotated stroke and non stroke Dataset\NonStroke\img_2908.jpg,img_2908.jpg,NonStroke,.jpg,True,201,251,05528bc96e0b0defc6072ebaaa73c0506b7d06d555abad793535cbba28237ac5,True,test,0,0.30920273,0,NonStroke,NonStroke,True,0.19079727000000002
C:\Users\Asus\Downloads\Uni_work\Grad-Project\rural-stroke-assist\data\raw\face_stroke_images\Annotated stroke and non stroke Dataset\NonStroke\img_0894.jpg,img_0894.jpg,NonStroke,.jpg,True,259,194,25aab2aadcfab35ca1f3e5c1cbbaf95dbe086654f4a98a9644436561baa8bf2a,True,test,0,0.30629253,0,NonStroke,NonStroke,True,0.19370747
