path,file_name,class_label,extension,readable,width,height,file_hash,is_clean,split,true_label_encoded,stroke_probability,predicted_label_encoded,true_label,predicted_label,is_correct
C:\Users\Asus\Downloads\Uni_work\Grad-Project\rural-stroke-assist\data\raw\face_stroke_images\Annotated stroke and non stroke Dataset\Stroke\img_0126.jpg,img_0126.jpg,Stroke,.jpg,True,213,300,c2c392173a190d9221e81fd4983eb82b78b2dfc9279ef07e8cf00a8fe5e36fcc,True,test,1,0.31829432,0,Stroke,NonStroke,False
C:\Users\Asus\Downloads\Uni_work\Grad-Project\rural-stroke-assist\data\raw\face_stroke_images\Annotated stroke and non stroke Dataset\Stroke\img_0509.jpg,img_0509.jpg,Stroke,.jpg,True,300,277,124aa63fc232eba9e97cc903757b45f24bfb21e4b06d166b7f1809d4410093e5,True,test,1,0.4194226,0,Stroke,NonStroke,False
C:\Users\Asus\Downloads\Uni_work\Grad-Project\rural-stroke-assist\data\raw\face_stroke_images\Annotated stroke and non stroke Dataset\Stroke\img_0670.jpg,img_0670.jpg,Stroke,.jpg,True,300,277,7ae7e48012b48f64e12c604858838c6fec8885d61567ad457b8bc3c1102ff5be,True,test,1,0.39882955,0,Stroke,NonStroke,False
C:\Users\Asus\Downloads\Uni_work\Grad-Project\rural-stroke-assist\data\raw\face_stroke_images\Annotated stroke and non stroke Dataset\Stroke\img_0963.jpg,img_0963.jpg,Stroke,.jpg,True,88,86,6b610862c53d28e9369b13402626da1c393d3d9c9cc1c385727a7d681bd3d94d,True,test,1,0.3359427,0,Stroke,NonStroke,False
C:\Users\Asus\Downloads\Uni_work\Grad-Project\rural-stroke-assist\data\raw\face_stroke_images\Annotated stroke and non stroke Dataset\Stroke\img_1335.jpg,img_1335.jpg,Stroke,.jpg,True,206,245,5778833583ef78949b5d05e6b8e85e7f17f33e71fe0e2d72a09b04cb169d4a90,True,test,1,0.22273259,0,Stroke,NonStroke,False
C:\Users\Asus\Downloads\Uni_work\Grad-Project\rural-stroke-assist\data\raw\face_stroke_images\Annotated stroke and non stroke Dataset\Stroke\img_1407.jpg,img_1407.jpg,Stroke,.jpg,True,206,245,8d338976671a7d12f02338f40ce717113c95fd76203245fd1218ba45a343c52f,True,test,1,0.36554655,0,Stroke,NonStroke,False
C:\Users\Asus\Downloads\Uni_work\Grad-Project\rural-stroke-assist\data\raw\face_stroke_images\Annotated stroke and non stroke Dataset\Stroke\img_1703.jpg,img_1703.jpg,Stroke,.jpg,True,206,245,22c08554bdb67a0a3cd929e1a1919174e1f253a5ab7871f17a57853909e8df45,True,test,1,0.44823256,0,Stroke,NonStroke,False
C:\Users\Asus\Downloads\Uni_work\Grad-Project\rural-stroke-assist\data\raw\face_stroke_images\Annotated stroke and non stroke Dataset\Stroke\img_2256.jpg,img_2256.jpg,Stroke,.jpg,True,194,259,d11ee4bc710523604cddfb357f320261898c7ca24e92338731e918cc888fefe4,True,test,1,0.38676336,0,Stroke,NonStroke,False
C:\Users\Asus\Downloads\Uni_work\Grad-Project\rural-stroke-assist\data\raw\face_stroke_images\Annotated stroke and non stroke Dataset\Stroke\img_2390.jpg,img_2390.jpg,Stroke,.jpg,True,483,547,ea58fa4a1c4f47fdd2c2003b16487a3fc8312a8533ec9e45ede36ecee35f88b4,True,test,1,0.4152486,0,Stroke,NonStroke,False
C:\Users\Asus\Downloads\Uni_work\Grad-Project\rural-stroke-assist\data\raw\face_stroke_images\Annotated stroke and non stroke Dataset\Stroke\img_2420.jpg,img_2420.jpg,Stroke,.jpg,True,215,300,37ba1ba2e91ab25f7c8d3e29d907509353675cddb96ce90ac416ca29824598be,True,test,1,0.22397742,0,Stroke,NonStroke,False
C:\Users\Asus\Downloads\Uni_work\Grad-Project\rural-stroke-assist\data\raw\face_stroke_images\Annotated stroke and non stroke Dataset\Stroke\img_2825.jpg,img_2825.jpg,Stroke,.jpg,True,194,259,4b11219d0472811dbafddb64904853de94fbe40b3d1c8a29afee4f6bd68a3214,True,test,1,0.4986191,0,Stroke,NonStroke,False
