y_true,score
1,0.02795005403459072
1,0.26276910305023193
1,0.1221013069152832
1,0.08456704765558243
1,0.04593685641884804
1,0.07623119652271271
1,0.1822250485420227
1,0.04420534521341324
1,0.22872409224510193
1,0.04221382737159729
1,0.013447425328195095
1,0.10269179940223694
1,0.16828061640262604
1,0.19028005003929138
1,0.004641884937882423
1,0.13999386131763458
1,0.1967572271823883
1,0.1506832242012024
1,0.2181006222963333
1,0.1237725019454956
1,0.15035197138786316
1,0.00046925555216148496
1,0.26009854674339294
1,0.16082796454429626
1,0.0794510766863823
1,0.1483471691608429
1,0.31340423226356506
1,0.09908425062894821
1,0.2269255518913269
1,0.28433194756507874
1,0.15522804856300354
1,0.18458394706249237
1,0.13361546397209167
1,0.13598431646823883
1,0.040046513080596924
1,0.037012435495853424
1,0.000700505799613893
0,0.018260257318615913
0,0.14548221230506897
0,0.12414294481277466
0,0.00020471640164032578
0,0.026991579681634903
0,0.04508474841713905
0,0.009096361696720123
0,0.043129317462444305
0,0.00022125558461993933
0,0.011574069038033485
0,0.0019881899934262037
0,0.06058315932750702
0,0.025432484224438667
0,0.03507193922996521
0,0.002180611714720726
0,0.02805929072201252
0,0.03392810747027397
0,0.0007856340380385518
0,0.025875598192214966
0,0.0004492512671276927
0,0.0003518880985211581
0,0.1533881276845932
0,0.003864441765472293
0,0.0005290982080623507
0,0.0596374087035656
0,0.0951530709862709
0,0.00028779153944924474
0,0.00526422169059515
0,0.1237044408917427
0,0.0004395074211061001
0,0.00017703979392535985
0,0.0047680954448878765
0,0.00038733065593987703
0,0.00038856244646012783
0,0.0003986191004514694
0,0.0005999229615554214
0,0.033697664737701416
0,0.11137138307094574
0,0.02343847043812275
0,0.00044374060234986246
0,0.000700427801348269
0,0.1376885175704956
0,0.0038442350924015045
0,0.0005761344800703228
0,0.1184324249625206
0,0.006509234197437763
0,0.00020468472212087363
0,0.019833296537399292
0,0.00035773267154581845
0,0.004736972972750664
0,0.16100096702575684
0,0.006052359007298946
0,0.00025115799508057535
0,0.00022635400819126517
0,0.04340638965368271
0,0.06182936951518059
0,0.019309040158987045
0,0.12048579007387161
0,0.13881483674049377
0,0.047244083136320114
0,0.015957992523908615
0,0.0018821712583303452
0,0.00030948533094488084
0,0.04616793990135193
0,0.022003689780831337
0,0.09193865209817886
0,0.0007722878362983465
0,0.05610938370227814
0,0.00032882820232771337
0,0.028775863349437714
0,0.00043170151184313
0,0.09490521997213364
0,0.004249261226505041
0,0.0030520097352564335
0,0.0029787353705614805
0,0.0002807154378388077
0,0.08018176257610321
0,0.10483326762914658
0,0.04506798833608627
0,0.0009306981228291988
0,0.0002714947040658444
0,0.003625128883868456
0,0.00036534247919917107
0,0.059947460889816284
0,0.0006336688529700041
0,0.000467830483103171
0,0.05900372192263603
0,0.005249842535704374
0,0.0005175531259737909
0,0.05967934802174568
0,0.00048068148316815495
0,0.10331632196903229
0,0.04432409256696701
0,0.0005581661825999618
0,0.0003818230179604143
0,0.0006015244871377945
0,0.006997224874794483
0,0.01722811907529831
0,0.0022462657652795315
0,0.0006009600474499166
0,0.01698571816086769
0,0.00044952312600798905
0,0.0006511873798444867
0,0.12224806845188141
0,0.13862529397010803
0,0.05253114178776741
0,0.07236728072166443
0,0.0002499343827366829
0,0.003201174782589078
0,0.033439453691244125
0,0.020215744152665138
0,0.06566645950078964
0,0.02701808698475361
0,0.00019597142818383873
0,0.0014175123069435358
0,0.00021072360686957836
0,0.034261610358953476
0,0.0003000896831508726
0,0.015788886696100235
0,0.022357981652021408
0,0.07497750222682953
0,0.00019164400873705745
0,0.01720382645726204
0,0.0008542981231585145
0,0.022836489602923393
0,0.0804719552397728
0,0.015953870490193367
0,0.015534915030002594
0,0.14319811761379242
0,0.014255419373512268
0,0.00033610747777856886
0,0.00017583093722350895
0,0.0006761166150681674
0,0.00063261145260185
0,0.010065938346087933
0,0.0001662579015828669
0,0.0003198271442670375
0,0.1497693806886673
0,0.00019083339429926127
0,0.0015256918268278241
0,0.0635920912027359
0,0.007236500736325979
0,0.007867933250963688
0,0.0002127914922311902
0,0.00103695725556463
0,0.000435396796092391
0,0.006665575783699751
0,0.022381173446774483
0,0.1383005529642105
0,0.13103246688842773
0,0.04631797596812248
0,0.032868292182683945
0,0.1607445329427719
0,0.0024987333454191685
0,0.00020077258523087949
0,0.10897311568260193
0,0.0013705260353162885
0,0.002926450688391924
0,0.0006118888850323856
0,0.008041705936193466
0,0.0004705156898126006
0,0.0002865126298274845
0,0.028008820489048958
0,0.006258566398173571
0,0.0005984504823572934
0,0.2015088051557541
0,0.1177026554942131
0,0.0272916778922081
0,0.061210617423057556
0,0.0006117042503319681
0,0.13189004361629486
0,0.01641756109893322
0,0.00017550200573168695
0,0.06346091628074646
0,0.0001568072912050411
0,0.007170285098254681
0,0.01110536977648735
0,0.21766133606433868
0,0.01935776136815548
0,0.00045669684186577797
0,0.03155985847115517
0,0.15054377913475037
0,0.017920784652233124
0,0.02075396664440632
0,0.09085290879011154
0,0.008089175447821617
0,0.00019566839910112321
0,0.00047764682676643133
0,0.0002110639470629394
0,0.00588248809799552
0,0.00039991806261241436
0,0.00020299063180573285
0,0.03819403052330017
0,0.0003187763795722276
0,0.08523380756378174
0,0.026214947924017906
0,0.15835312008857727
0,0.0006602700450457633
0,0.0020981254056096077
0,0.00021538775763474405
0,0.042680006474256516
0,0.12413204461336136
0,0.05434576794505119
0,0.09605255722999573
0,0.0003196486795786768
0,0.0002946247986983508
0,0.0004681746941059828
0,0.010509966872632504
0,0.002899703336879611
0,0.2230221927165985
0,0.00019497904577292502
0,0.1949847787618637
0,0.22994761168956757
0,0.1450088918209076
0,0.005658434703946114
0,0.0002638431906234473
0,0.032359056174755096
0,0.0017137245740741491
0,0.15278595685958862
0,0.1291685700416565
0,0.04120541363954544
0,0.07102525234222412
0,0.012013567611575127
0,0.007205315865576267
0,0.13339266180992126
0,0.00017660741286817938
0,0.00046596929314546287
0,0.00020949123427271843
0,0.1852097064256668
0,0.0004226870369166136
0,0.08455269038677216
0,0.0007983822142705321
0,0.000474236614536494
0,0.0009743599221110344
0,0.00089124939404428
0,0.036441393196582794
0,0.0011460540117695928
0,0.009822772815823555
0,0.0007980653899721801
0,0.024769552052021027
0,0.19801175594329834
0,0.0002581545850262046
0,0.0012008596677333117
0,0.0003154286532662809
0,0.1268126666545868
0,0.04032490402460098
0,0.00028894003480672836
0,0.04338788613677025
0,0.0006394420051947236
0,0.05811283737421036
0,0.1073315292596817
0,0.056696634739637375
0,0.0003880296426359564
0,0.0004388515662867576
0,0.005038977600634098
0,0.0005416641943156719
0,0.0002163758035749197
0,0.0019513510633260012
0,0.0698394924402237
0,0.00025100979837588966
0,0.0011448487639427185
0,0.00018644158262759447
0,0.006341949570924044
0,0.0005404272815212607
0,0.004906329791992903
0,0.002923334948718548
0,0.0004561201494652778
0,0.0003106070507783443
0,0.00044147440348751843
0,0.04884679615497589
0,0.00025458112941123545
0,0.19718755781650543
0,0.16760174930095673
0,0.07423380017280579
0,0.0399661660194397
0,0.10496021062135696
0,0.018996108323335648
0,0.1236376091837883
0,0.01037388015538454
0,0.11746399849653244
0,0.09495605528354645
0,0.00026162253925576806
0,0.010042661800980568
0,0.053702205419540405
0,0.09488125890493393
0,0.00031182647217065096
0,0.07485122233629227
0,0.0004040727799292654
0,0.07504288852214813
0,0.0004676606913562864
0,0.0009381421259604394
0,0.02111080288887024
0,0.0007503640954382718
0,0.00031936418963596225
0,0.012774985283613205
0,0.001974517246708274
0,0.05731978267431259
0,0.00017503037815913558
0,0.0500715970993042
0,0.00021100204321555793
0,0.04247725382447243
0,0.0006473104003816843
0,0.01434233970940113
0,0.07939254492521286
0,0.008314451202750206
0,0.0009771704208105803
0,0.06277935206890106
0,0.000910016824491322
0,0.0031158202327787876
0,0.0423533171415329
0,0.028627516701817513
0,0.031130658462643623
0,0.013990871608257294
0,0.2463168203830719
0,0.009628363884985447
0,0.007058301940560341
0,0.04773690924048424
0,0.00023871484154369682
0,0.1744534820318222
0,0.00028444352210499346
0,0.06086084619164467
0,0.01052040234208107
0,0.0010205229045823216
0,0.0002741021744441241
0,0.0002615013509057462
0,0.16538630425930023
0,0.0007461945060640574
0,0.04146460443735123
0,0.022495759651064873
0,0.06996486335992813
0,0.023358885198831558
0,0.0005549982306547463
0,0.13359659910202026
0,0.06810589134693146
0,0.05020776763558388
0,0.006607444491237402
0,0.0007305031758733094
0,0.04929891973733902
0,0.000606849673204124
0,0.0008924024295993149
0,0.005152146331965923
0,0.00028610631125047803
0,0.003009600332006812
0,0.0003287916479166597
0,0.16204211115837097
0,0.000178670059540309
0,0.021795859560370445
0,0.08334223926067352
0,0.0002136760449502617
0,0.0395403653383255
0,0.0007727435440756381
0,0.00032561851548962295
0,0.037270475178956985
0,0.005860758945345879
0,0.0004079262143932283
0,0.0007912521832622588
0,0.002087463391944766
0,0.00046982357162050903
0,0.00033163619809783995
0,0.10247392952442169
0,0.00384744955226779
0,0.00017901023966260254
0,0.04280579090118408
0,0.014544418081641197
0,0.12353380024433136
0,0.00016654735372867435
0,0.001827190862968564
0,0.003181616310030222
0,0.0006477480637840927
0,0.0009204923408105969
0,0.00879333820194006
0,0.00023355497978627682
0,0.0010468426626175642
0,0.00032570588518865407
0,0.0007067722035571933
0,0.1540617048740387
0,0.000302900152746588
0,0.09219799935817719
0,0.22954735159873962
0,0.0018225439125671983
0,0.20727652311325073
0,0.0002952792856376618
0,0.005970192141830921
0,0.0009166626259684563
0,0.02846154011785984
0,0.008860821835696697
0,0.027241118252277374
0,0.00030190436518751085
0,0.000304599292576313
0,0.010300267487764359
0,0.13436037302017212
0,0.027738966047763824
0,0.045743077993392944
0,0.021154066547751427
0,0.05442838370800018
0,0.015235161408782005
0,0.17988960444927216
0,0.09773638844490051
0,0.16138972342014313
0,0.0007307225023396313
0,0.05905323475599289
0,0.15597297251224518
0,0.06737320125102997
0,0.0005460515385493636
0,0.0003574379370547831
0,0.00015695407637394965
0,0.00017767945246305317
0,0.13581299781799316
0,0.00037464950582943857
0,0.01320275105535984
0,0.23106226325035095
0,0.00016633466293569654
0,0.03651995584368706
0,0.0001761620951583609
0,0.0015448153717443347
0,0.00018702594388742
0,0.016892055049538612
0,0.012072991579771042
0,0.00023846224939916283
0,0.0006009008502587676
0,0.005397898145020008
0,0.009572234936058521
0,0.02828340232372284
0,0.008122976869344711
0,0.0073856571689248085
0,0.2015461027622223
0,0.005326800048351288
0,0.0005407332209870219
0,0.012075547128915787
0,0.0004169511084910482
0,0.0013325592735782266
0,0.0004795194836333394
0,0.005250243935734034
0,0.03158148005604744
0,0.05887278914451599
0,0.00038227354525588453
0,0.00041093595791608095
0,0.05989419296383858
0,0.08241933584213257
0,0.001073672785423696
0,0.14857155084609985
0,0.0010433185379952192
0,0.0006013708189129829
0,0.04032475873827934
0,0.01833093725144863
0,0.004559175111353397
0,0.0521889254450798
0,0.050684988498687744
0,0.00022889029060024768
0,0.002132277935743332
0,0.00016400497406721115
0,0.06616367399692535
0,0.00024992949329316616
0,0.00043442557216621935
0,0.10123664140701294
0,0.00025244231801480055
0,0.05991767719388008
0,0.09856939315795898
0,0.0004747348139062524
0,0.0002750420826487243
0,0.0008041680557653308
0,0.09048803150653839
0,0.0009965751087293029
0,0.00019051649724133313
0,0.0011951301712542772
0,0.015873843804001808
0,0.0004766537167597562
0,0.0004153900663368404
0,0.053523339331150055
0,0.04356779158115387
0,0.033377744257450104
0,0.009542335756123066
0,0.00028786592883989215
0,0.047471266239881516
0,0.02242279052734375
0,0.024114109575748444
0,0.02502954937517643
0,0.00022800907026976347
0,0.005737937055528164
0,0.0004928302369080484
0,0.001720464788377285
0,0.005232628434896469
0,0.0004128844302613288
0,0.03950343653559685
0,0.08309640735387802
0,0.004493050742894411
0,0.06031711772084236
0,0.00028988972189836204
0,0.06531400978565216
0,0.06019948422908783
0,0.06245812773704529
0,0.00041911849984899163
0,0.0004086563130840659
0,0.00027259287890046835
0,0.010603061877191067
0,0.0012404717272147536
0,0.021411852911114693
0,0.0002512842766009271
0,0.18415269255638123
0,0.11986028403043747
0,0.011250470764935017
0,0.04454696178436279
0,0.18187904357910156
0,0.02026168443262577
0,0.061374083161354065
0,0.0002933352952823043
0,0.0886528491973877
0,0.009431613609194756
0,0.0017827077535912395
0,0.0006744392449036241
0,0.0005510966293513775
0,0.032585546374320984
0,0.0079938480630517
0,0.12285745143890381
0,0.00036028848262503743
0,0.00047467878903262317
0,0.06596250832080841
0,0.0535503588616848
0,0.08161778748035431
0,0.032115500420331955
0,0.008929450064897537
0,0.00020943183335475624
0,0.00018273713067173958
0,0.16196051239967346
0,0.0221126526594162
0,0.007250787224620581
0,0.0446067713201046
0,0.0004918897757306695
0,0.0029191854409873486
0,0.0008736824383959174
0,0.11110790073871613
0,0.003605079837143421
0,0.003925924189388752
0,0.0004714986716862768
0,0.0010001846821978688
0,0.005545385647565126
0,0.0005412330501712859
0,0.0009301179088652134
0,0.0631573274731636
0,0.005221647676080465
0,0.0006509780650958419
0,0.00594524759799242
0,0.10521987080574036
0,0.002445471240207553
0,0.0164497010409832
0,0.0013722501462325454
0,0.0004718811542261392
0,0.0002023788110818714
0,0.0022053802385926247
0,0.06649522483348846
0,0.20809008181095123
0,0.0002409953303867951
0,0.0003297890943940729
0,0.0703449547290802
0,0.00028430260135792196
0,0.00034640563535504043
0,0.00018935506523121148
0,0.0018864405574277043
0,0.005165323615074158
0,0.03978762775659561
0,0.00024065005709417164
0,0.059952132403850555
0,0.21726112067699432
0,0.00022256863303482533
0,0.06664150953292847
0,0.05229568108916283
0,0.002916079480201006
0,0.000559965439606458
0,0.00023688861983828247
0,0.1952638477087021
0,0.0002710387925617397
0,0.05603852868080139
0,0.0007328339852392673
0,0.06261961162090302
0,0.012886881828308105
0,0.13144707679748535
0,0.081158846616745
0,0.0005231521790847182
0,0.03165697678923607
0,0.21323475241661072
0,0.00023306817456614226
0,0.0024754055775702
0,0.14715762436389923
0,0.12070610374212265
0,0.00036540059954859316
0,0.010408341884613037
0,0.0001857164897955954
0,0.03207904100418091
0,0.0011520890984684229
0,0.00035748572554439306
0,0.05602645501494408
0,0.004081231541931629
0,0.0005271758418530226
0,0.08745311945676804
0,0.00038888677954673767
0,0.0005159429274499416
0,0.023530522361397743
0,0.18648241460323334
0,0.0015624284278601408
0,0.00031658163061365485
0,0.0006418334669433534
0,0.005905048456043005
0,0.021145835518836975
0,0.0004909047274850309
0,0.037602443248033524
0,0.0011734759900718927
0,0.0009723305702209473
0,0.06077994406223297
0,0.0003380319394636899
0,0.00708313612267375
0,0.0003594269510358572
0,0.0004680705606006086
0,0.00031182169914245605
0,0.00029852273291908205
0,0.08167297393083572
0,0.00022766002803109586
0,0.006905256304889917
0,0.07872264087200165
0,0.004027839284390211
0,0.0015445878962054849
0,0.024299174547195435
0,0.0002328065747860819
0,0.0003370508784428239
0,0.0003351378545630723
0,0.0005085641168989241
0,0.12431164085865021
0,0.0004062178486492485
0,0.08908452093601227
0,0.0012755217030644417
0,0.00041067859274335206
0,0.13062924146652222
0,0.10231970995664597
0,0.0312616340816021
0,0.030510589480400085
0,0.0008506365120410919
0,0.026066530495882034
0,0.025021381676197052
0,0.006444330792874098
0,0.012446578592061996
0,0.0004576058126986027
0,0.05006001517176628
0,0.008788865059614182
0,0.00034779112320393324
0,0.0005529304035007954
0,0.010885036550462246
0,0.0006340147810988128
0,0.03292763978242874
0,0.1412334144115448
0,0.0004501445509959012
0,0.2301742285490036
0,0.0005551366484723985
0,0.0002120793069479987
0,0.0007320792647078633
0,0.003512465860694647
0,0.0002791777951642871
0,0.001199709135107696
0,0.0021147357765585184
0,0.07478585839271545
0,0.001271030749194324
0,0.18278774619102478
0,0.009510671719908714
0,0.009619176387786865
0,0.006239496637135744
0,0.06300626695156097
0,0.12393656373023987
0,0.06820482760667801
0,0.0004309482465032488
0,0.11084571480751038
0,0.15352609753608704
0,0.22088806331157684
0,0.00022676188382320106
0,0.00023737837909720838
0,0.000934857118409127
0,0.03990572690963745
0,0.11651162803173065
0,0.12953725457191467
0,0.0001952427119249478
0,0.000381600228138268
0,0.009471625089645386
0,0.0003701425448525697
0,0.19672292470932007
0,0.00046199539792723954
0,0.00493984529748559
0,0.003953048028051853
0,0.13442561030387878
0,0.00037163132219575346
0,0.002741855336353183
0,0.012972443364560604
0,0.008876841515302658
0,0.00031554108136333525
0,0.000389674911275506
0,0.0012464539613574743
0,0.11097147315740585
0,0.05742859095335007
0,0.0015054631512612104
0,0.11870534718036652
0,0.006411817390471697
0,0.0004966853884980083
0,0.0004994418704882264
0,0.004726738203316927
0,0.11222168058156967
0,0.044358029961586
0,0.03288983926177025
0,0.028975097462534904
0,0.21089082956314087
0,0.0004581293906085193
0,0.08243286609649658
0,0.04497727006673813
0,0.02223898470401764
0,0.0004314797115512192
0,0.000879236962646246
0,0.21880140900611877
0,0.0003404805320315063
0,0.0005058339447714388
0,0.00017708299856167287
0,0.0037546646781265736
0,0.04173484444618225
0,0.0013164251577109098
0,0.00018220844503957778
0,0.030724022537469864
0,0.00042027526069432497
0,0.007659561932086945
0,0.05108565092086792
0,0.00039698975160717964
0,0.0016689517069607973
0,0.034688230603933334
0,0.0006680423393845558
0,0.03697223961353302
0,0.03024476207792759
